time,R_est,theta_deg,Q_F,Q_L,Q_R,chosen_action,chosen_action_name,front_state,front_min_depth_m,front_invalid_ratio,left_depth,center_depth,right_depth,left_invalid_ratio,center_invalid_ratio,right_invalid_ratio,left_danger,center_danger,right_danger,target_visible,target_like_front_object,depth_avoidance_active,disable_avoidance_near_target,ignore_invalids_near_target,s_forward_step,dpsi_step_deg,reward
1777934895.6243734,1.0140433,-32.571903,1.5790551,1.9577856,1.6804024,1,L,SAFE,0.853,0.11649305555555556,0.815,0.875,0.839,0.2854557902973396,0.2570911580594679,0.1555198598130841,0.21139853642054351,0.20776581839521985,0.11739472706032292,1,0,0,0,0,-0.0005976688462926924,-0.005187453462880853,-0.021945879459381104
1777934895.8462226,1.0109438,-28.996113,1.581897,1.9625151,1.683072,1,L,SAFE,0.851,0.11446759259259259,0.845,0.866,0.841,0.2741099374021909,0.2367957746478873,0.13376168224299065,0.1920919138568787,0.19775563735951063,0.10245645709430762,1,0,0,0,0,-0.0021914524364065385,-0.02077185096516132,0.03918676376342774
1777934896.0616217,1.0243855,-22.374474,1.6989936,2.0627,1.7879225,1,L,SAFE,0.914,0.1517361111111111,0.856,0.85,0.837,0.269806338028169,0.300127151799687,0.1826323987538941,0.18491957426376446,0.2445775981647461,0.13581333191730394,1,0,0,0,0,0.0,-0.04059025391961768,0.03738945484161377
1777934896.2912786,1.0255234,-14.140636,1.9992173,2.3186302,2.0363069,1,L,SAFE,0.958,0.16909722222222223,0.866,0.857,0.879,0.3716989436619718,0.26520931142410015,0.22546728971962618,0.24717249519846354,0.21940625444586714,0.14695146559048436,1,1,0,0,0,-0.002789121282699231,0.0,0.09787605047225953
1777934896.5066729,1.0309894,-2.2652383,2.839164,2.9116995,2.6218328,1,L,SAFE,1.017,0.22041377314814814,0.869,0.862,0.853,0.36653951486697967,0.27005086071987483,0.3008177570093458,0.24262568466353684,0.22078558472044393,0.2062701784197112,1,1,0,0,0,-0.0029883442314634617,-0.034184025694614206,-0.19316664934158326
1777934896.703461,1.0313963,6.8657775,5.0303583,3.9974315,3.9019954,0,F,SAFE,1.017,0.21037326388888888,0.878,0.869,0.852,0.3344092331768388,0.2869473787167449,0.3482768691588785,0.21816145611039983,0.229293573943662,0.23751632858963473,1,1,0,0,0,-0.0021914524364065385,0.0,0.9739828944206238
1777934896.8884258,1.0108947,10.771909,4.2277417,3.4241846,3.617624,0,F,SAFE,0.988,0.22647569444444443,0.869,0.86,0.856,0.32995892018779344,0.2722760172143975,0.3650944314641745,0.2188482981220658,0.22293900714895437,0.246856834997168,1,1,0,0,0,0.0021914524364065385,-0.005088795405352897,-0.17045020580291748
1777934897.1119297,0.9940796,12.199037,3.5244758,2.962276,3.2362368,0,F,SAFE,0.962,0.22881944444444444,0.866,0.847,0.849,0.31922437402190923,0.28225254303599373,0.34345794392523366,0.21306402493242288,0.23401970852895154,0.2355772090059474,1,1,0,0,0,0.0031875671802276927,0.0,-0.14500890254974363
1777934897.3229253,0.9518455,13.472347,3.266081,2.7859805,3.0723743,0,F,SAFE,0.916,0.23327546296296298,0.848,0.853,0.844,0.3093701095461659,0.32971439749608766,0.3368136682242991,0.21381784393228062,0.26274870180680043,0.23324706616397628,1,1,0,0,0,0.0,-0.0009739783730475793,-0.06971537590026855
1777934897.509706,0.9260935,14.034632,3.0776973,2.6551757,2.93586,0,F,SAFE,0.89,0.21239872685185185,0.873,0.863,0.874,0.31208431142410015,0.33374902190923317,0.35117309190031154,0.20563889333475607,0.2618358541399915,0.2306488733715662,1,1,0,0,0,0.004183681924048847,-0.0049675668857318556,-0.10559439182281494
1777934897.6850462,0.89989483,14.4548855,3.0611317,2.6445873,2.9223485,0,F,SAFE,0.862,0.21753472222222223,0.875,0.853,0.851,0.30152093114241,0.35267507824726135,0.34908002336448596,0.19797724160620295,0.27767314429506335,0.23843610609600685,1,1,0,0,0,0.004183681924048847,-0.0016854314482106503,-0.10061782121658325
1777934897.891377,0.85479426,15.706394,3.003437,2.6007917,2.875809,0,F,SAFE,0.815,0.24063946759259258,0.843,0.82,0.815,0.3389573552425665,0.38250684663536777,0.3544343847352025,0.23503818999857737,0.3087304604139992,0.2562346228051544,1,1,0,0,0,0.003984458975284616,0.001194388013429304,-0.060886709690093986
1777934898.1019788,0.81877726,16.669754,2.8681428,2.5023103,2.7691617,0,F,SAFE,0.773,0.2585648148148148,0.818,0.788,0.773,0.315752151799687,0.3964690923317684,0.3612977024922118,0.22989798957888755,0.3291190514297909,0.2774003248017559,1,1,0,0,0,0.004582127821577308,0.005804375071335244,-0.08351298809051513
1777934898.310897,0.7823678,17.353851,2.731898,2.3999667,2.6615024,0,F,SAFE,0.738,0.2520543981481482,0.837,0.751,0.738,0.3279049295774648,0.4123386150234742,0.3488609813084112,0.2302404769526249,0.35251504926020777,0.28323691057774003,1,1,0,0,0,0.004582127821577308,0.0015143513471631564,-0.07860325098037718
1777934898.4901242,0.75215816,17.898605,2.6550899,2.3422554,2.5971696,0,F,SAFE,0.708,0.26005497685185186,0.839,0.721,0.708,0.3579567683881064,0.4292106807511737,0.33630257009345793,0.2489787176340874,0.374087952589273,0.28700576146983864,1,1,0,0,0,0.004781350770341539,0.0016635243768270414,-0.09056337118148804
1777934898.6924229,0.7126666,18.039886,2.5942588,2.297032,2.5464258,0,F,SAFE,0.671,0.22096354166666668,0.866,0.682,0.67,0.3453638497652582,0.3959800469483568,0.30982281931464173,0.23005468416559968,0.3662759194053208,0.2849075598272444,1,0,0,0,0,0.004980573719105769,0.002427646887252166,-0.060432157516479484
1777934898.8749201,0.6835075,18.715147,2.5489895,2.2588885,2.4985156,0,F,SAFE,0.639,0.23272569444444444,0.947,0.652,0.639,0.3450215179968701,0.4128032081377152,0.3090196651090343,0.22426398669796557,0.3878170347844644,0.29671505504814505,1,0,0,0,0,0.004781350770341539,0.00652425459648498,-0.09630527973175047
1777934899.0566454,0.65517145,19.654448,2.515059,2.2343438,2.4726236,0,F,SAFE,0.609,0.21976273148148148,0.96,0.622,0.609,0.3417938184663537,0.4007726917057903,0.28633664330218067,0.22216598200312992,0.3906032597097738,0.29390290905550837,1,0,0,0,0,0.004582127821577308,0.0024731181805570657,-0.10222492933273314
1777934899.2364733,0.6206954,20.71419,2.4066784,2.1532435,2.3823,0,F,SAFE,0.573,0.21532118055555555,0.91,0.588,0.573,0.3401066118935837,0.4069346635367762,0.277940031152648,0.22106929773082942,0.4066287434201167,0.30276329297649396,1,0,0,0,0,0.004382904872813077,-0.0021425287537724103,-0.08573184013366698
1777934899.4504857,0.5887314,22.017227,2.2522051,2.0377688,2.2568662,2,R,SAFE,0.538,0.2195601851851852,0.89,0.554,0.538,0.35477797339593115,0.45322280907668233,0.2654789719626168,0.23060568270735526,0.4487362400412577,0.3085840590484282,1,0,1,0,0,0.004183681924048847,0.022628093338497024,0.09372164140992102
1777934899.6291668,0.57500064,16.957642,2.1078603,1.9322914,2.1442,2,R,SAFE,0.548,0.23587962962962963,0.909,0.548,0.548,0.36468114241001565,0.3814064945226917,0.31386292834890966,0.23704274256651017,0.40417684770237583,0.33605635797224587,1,1,1,0,0,0.0,0.037628917942171825,0.09891919374465942
1777934899.840211,0.56753093,9.344344,2.5772462,2.2651556,2.4966054,0,F,SAFE,0.548,0.21161747685185187,0.933,0.548,0.569,0.3661238262910798,0.283572965571205,0.36713882398753894,0.2379804870892019,0.34058505388390947,0.3623334174100822,1,1,1,0,0,0.0031875671802276927,0.015077400683310316,-0.04091518878936767
1777934900.0482605,0.5479767,5.995193,3.4679978,2.8606672,3.1020715,0,F,SAFE,0.528,0.22705439814814815,0.89,0.528,1.467,0.39710485133020346,0.2883656103286385,0.37380743769470404,0.25811815336463223,0.3507709800469484,0.24297483450155763,1,1,1,0,0,0.0033867901289919232,0.009088469360349904,1.0311524987220764
1777934900.2502277,0.5221651,4.674035,4.608239,3.6172044,3.7590384,0,F,SAFE,0.502,0.2215133101851852,0.899,0.502,0.878,0.3844385758998435,0.2841598200312989,0.3476440809968847,0.24988507433489826,0.3572291355455968,0.22676410719342965,1,1,1,0,0,0.0033867901289919232,0.004086643621121766,1.0504509925842285
1777934900.4600363,0.48397273,4.232097,4.476671,3.4924123,3.6225731,0,F,SAFE,0.463,0.23732638888888888,0.877,0.463,0.871,0.39942781690140844,0.28692292644757433,0.36402355919003115,0.26082126280409734,0.3728130335040547,0.24019485892806575,1,1,1,0,0,0.003984458975284616,-0.0039375809411978935,1.0869359016418456
1777934900.644918,0.4553608,4.084716,4.530219,3.509584,3.6369257,0,F,SAFE,0.436,0.24680266203703705,0.87,0.436,1.441,0.3909917840375587,0.28083431142410015,0.3790157710280374,0.25812193235168596,0.3784008882842509,0.24636025116822433,1,1,1,0,0,0.003984458975284616,-0.0009143311991186565,1.0619448125362396
1777934900.8486311,0.42018777,4.5258408,4.879106,3.7395983,3.855511,0,F,SAFE,0.4,0.26339699074074074,0.867,0.4,0.442,0.3933881064162754,0.25841158059467917,0.4223130841121495,0.26087272371603365,0.37655338597240007,0.44870805012744264,1,1,1,0,0,0.003785236026520385,0.000596998772703472,1.0788290321826934
1777934901.042595,0.38449663,5.259898,4.202429,3.287527,3.4345765,0,F,SAFE,0.362,0.0,0.879,0.362,0.401,0.0,0.0,0.0,0.00039772727272731714,0.22202020202020203,0.19051136363636362,1,1,1,1,1,0.004382904872813077,-0.0030730019712041923,1.0817059874534607
1777934901.2509239,0.3476316,5.55332,3.5219355,2.781837,2.932744,0,F,SAFE,0.326,0.0,0.882,0.326,0.362,0.0,0.0,0.0,0.0,0.23474747474747476,0.2060227272727273,1,1,1,1,1,0.004582127821577308,0.0021324726986957643,14.083344370126724
1777934905.70078,1.0932633,19.63796,2.5605574,2.3008575,2.5647693,2,R,SAFE,0.998,0.20598958333333334,0.853,0.871,0.851,0.27489241001564946,0.32340571205007823,0.3085085669781931,0.18941870287380858,0.25228441990325795,0.2120646594449165,1,0,0,0,0,0.0013945606413496155,0.013356899757596352,-0.015927746295928955
1777934905.8780942,1.08787,15.703543,2.553712,2.2934513,2.5576177,2,R,SAFE,1.03,0.2013744212962963,0.875,0.893,0.877,0.28548024256651017,0.30056729264475746,0.34221670560747663,0.18755079403186803,0.22966166951202166,0.2236340404630417,1,1,0,0,0,0.0,0.02841641140314266,0.057048566341400146
1777934906.0768998,1.0956522,9.188937,2.940404,2.5702767,2.8511329,0,F,SAFE,1.068,0.21135706018518519,0.869,0.885,0.867,0.31783059467918623,0.2638644366197183,0.37495132398753894,0.2109648865414711,0.20863309592402907,0.24888881513735492,1,1,0,0,0,0.0021914524364065385,0.013978648284620476,-0.10115802526473999
1777934906.2748847,1.0840584,6.281013,3.8162537,3.1620667,3.4146452,0,F,SAFE,1.065,0.223046875,0.87,0.874,0.856,0.31692586071987483,0.2808832159624413,0.3555539330218069,0.20997908219519143,0.2235841913856879,0.2406555110096291,1,1,0,0,0,0.0029883442314634617,0.0,1.0086766242980958
1777934906.4780736,1.0598866,5.9887996,4.3443613,3.5055122,3.6798096,0,F,SAFE,1.043,0.21410590277777777,0.872,0.871,0.873,0.3103726525821596,0.27384096244131456,0.3351586838006231,0.204924042360222,0.22006733265756157,0.22063723537949598,1,1,0,0,0,0.0,-0.0010867732569943556,1.0457861304283143
1777934906.6941507,1.0243338,6.2817006,4.391983,3.5318289,3.69349,0,F,SAFE,1.008,0.2169994212962963,0.871,0.867,0.866,0.2952366979655712,0.29457648669796554,0.3265673676012461,0.1954833991321668,0.23495956483852612,0.21783697075899183,1,1,0,0,0,0.0035860130777561543,-0.007514207113239024,1.0781329274177551
1777934906.8839555,0.996306,6.573984,4.30146,3.4677818,3.641293,0,F,SAFE,0.981,0.22081886574074075,0.87,0.854,0.876,0.31279342723004694,0.29205790297339596,0.36782028816199375,0.2072930004268033,0.2379184450135155,0.24067409639620507,1,1,0,0,0,0.003984458975284616,-0.003264557738077656,1.0593957304954529
1777934907.0948813,0.9579113,6.866372,4.2772818,3.4528384,3.6356711,0,F,SAFE,0.941,0.21689814814814815,0.876,0.872,0.866,0.2900039123630673,0.28949041471048514,0.3592776479750779,0.19009345212690287,0.2298859412789871,0.2390986530019825,1,1,0,0,0,0.003984458975284616,0.0018742300919996069,1.0870274543762206
1777934907.315525,0.9216079,7.012259,4.1999707,3.3974502,3.5897613,0,F,SAFE,0.905,0.2265480324074074,0.863,0.854,0.852,0.3133558294209703,0.2888546557120501,0.37964855919003115,0.21044265275999438,0.23583633429364068,0.2579079271098839,1,1,0,0,0,0.004183681924048847,-0.0007878469584650105,0.0776605224609375
1777934907.4990125,0.88584375,7.449221,4.1622252,3.3700204,3.5685136,0,F,SAFE,0.869,0.2398003472222222,0.846,0.842,0.822,0.3323307902973396,0.29259585289514867,0.389383761682243,0.22953774096599805,0.242510536705079,0.2761676269116398,1,1,0,0,0,0.004183681924048847,0.008305461220743382,0.07687789678573607
1777934907.7031536,0.85019636,7.4494405,4.0476885,3.2910523,3.505497,0,F,SAFE,0.826,0.24898726851851852,0.825,0.821,0.812,0.3149207746478873,0.2957991001564945,0.40717484423676015,0.22657350352112682,0.25201688984919624,0.2917091032993486,1,1,0,0,0,0.004382904872813077,0.0076205275561846975,0.08007102012634278
1777934907.9166298,0.8116338,8.031173,4.007925,3.2589853,3.4748511,0,F,SAFE,0.79,0.2623697916666667,0.826,0.79,0.794,0.34903169014084506,0.2971195226917058,0.4509832554517134,0.24834787131882208,0.2638347604566795,0.32734366149815924,1,1,0,0,0,0.004382904872813077,-0.00278932769976592,-0.07144450664520263
1777934908.1002064,0.77401036,8.468408,3.9137914,3.196504,3.4251018,0,F,SAFE,0.756,0.24406828703703703,0.867,0.756,0.756,0.34191607981220656,0.2961414319248826,0.46366335669781933,0.22741590642338885,0.2752192034784465,0.35069936367176446,1,1,0,0,0,0.004382904872813077,-0.0033422255295540992,-0.06732096433639526
1777934908.3036952,0.7391998,9.048929,3.8302224,3.1361177,3.3721488,0,F,SAFE,0.72,0.23538773148148148,0.866,0.72,0.72,0.3461952269170579,0.31047046165884196,0.44100467289719625,0.2305950793142695,0.2972603455327928,0.3502894010195412,1,1,0,0,0,0.004382904872813077,0.0036861821896163605,-0.08134490489959717
1777934908.4795535,0.70886517,9.339024,3.6673563,3.0209408,3.2677197,0,F,SAFE,0.533,0.26451099537037037,0.512,0.692,0.691,0.4289661580594679,0.3054088419405321,0.4342143691588785,0.4251916391022905,0.3038692826148812,0.3574097944987257,1,0,1,0,0,0.0,-0.0026634523817321565,-0.5484605779635395
1777934908.6667016,0.6767429,9.485619,3.3216815,2.7809937,3.032257,0,F,SAFE,0.622,0.29518229166666665,0.622,0.632,0.658,0.388766627543036,0.36309174491392804,0.42520930685358255,0.3553119442666098,0.36257529075970985,0.3646815040002832,1,1,0,0,0,0.004382904872813077,-0.0049004266708827515,-0.08019491672515869
1777934908.8693316,0.64528805,9.775757,3.3188164,2.7742128,3.0336144,0,F,SAFE,0.627,0.27348090277777776,0.924,0.628,0.624,0.37128325508607196,0.3857834507042254,0.41698306074766356,0.24133411580594677,0.3787390409375445,0.3728571713041632,1,1,0,0,0,0.004183681924048847,-0.0009506465103461537,-0.08634784698486327
1777934909.0485127,0.61463976,9.776172,3.4956458,2.8974407,3.1558511,0,F,SAFE,0.593,0.271166087962963,0.892,0.596,0.593,0.372383607198748,0.37668720657276994,0.41476830218068533,0.24204934467918623,0.38413961356522974,0.3837471236901728,1,1,0,0,0,0.004382904872813077,0.0073258533465860864,-0.08135050535202025
1777934909.248404,0.56364274,2.462051,3.4327931,2.8509746,3.1075788,0,F,SAFE,0.56,0.2696325231481482,0.608,0.557,0.915,0.381797730829421,0.34629303599374023,0.41080120716510904,0.35635034322094183,0.37817128147673923,0.2670207846573209,1,1,0,0,0,0.007968917950569232,0.0,1.126600980758667
1777934909.460304,0.54390717,-8.422694,4.6215124,3.5653772,3.6544023,0,F,SAFE,0.518,0.28449074074074077,0.518,0.521,0.892,0.4499706572769953,0.3211316510172144,0.3714709890965732,0.4364581999573197,0.3745436539692702,0.2414561429127726,1,1,1,0,0,0.003984458975284616,-0.004899838356688946,-0.20829863548278807
1777934909.6643553,0.5318254,-20.412916,3.2156408,2.9848852,2.7681496,0,F,SAFE,0.46,0.2529513888888889,0.46,0.519,0.918,0.2869473787167449,0.4565727699530516,0.368842484423676,0.35356125071133876,0.46328745198463506,0.23974761487538943,1,0,1,0,0,0.003984458975284616,0.002415164178657392,-0.9843443653933095
1777934909.864676,0.5230001,-27.584282,1.849222,2.1416254,1.8617817,1,L,SAFE,0.438,0.2515914351851852,0.428,0.876,0.896,0.22148865414710486,0.49403364632237873,0.3849055685358255,0.3237403524683454,0.3614249004125765,0.2501886195482866,1,0,1,0,0,0.000996114743821154,-0.016477690126919242,-0.07421708794420394
1777934910.070933,0.5534528,-25.39861,1.583729,1.9097782,1.639051,1,L,SAFE,0.467,0.2532696759259259,0.467,0.87,0.854,0.20654831768388107,0.5415933098591549,0.4075399143302181,0.2985177701308863,0.39445989383269314,0.2752418534055509,1,0,1,0,0,-0.000996114743821154,-0.02889270875076022,-0.02985031083520733
1777934910.275333,0.5737688,-21.849733,1.6753364,1.9956893,1.717568,1,L,SAFE,0.501,0.2740162037037037,0.501,0.547,0.881,0.251393779342723,0.5024696791862285,0.4038892133956386,0.31414459293640634,0.48322145308721015,0.2625279887071651,1,0,1,0,0,-0.0021914524364065385,-0.03484313632912972,0.02499312774673258
1777934910.4749806,0.5749916,-17.725677,1.7815979,2.1002162,1.8134042,1,L,SAFE,0.524,0.27424768518518516,0.524,0.547,0.925,0.2519806338028169,0.42977308294209704,0.408683800623053,0.3053783210627401,0.4359686655285247,0.26564447040498446,1,1,1,0,0,-0.0023906753851707695,-0.0274165446469965,0.03730360984802246
1777934910.650017,0.5788588,-14.832031,2.122239,2.3500054,2.0638077,1,L,SAFE,0.539,0.26069155092592594,0.539,0.548,0.895,0.29973591549295775,0.3962245696400626,0.3842971183800623,0.33045334507042257,0.41380859652866697,0.2497931269470405,1,1,1,0,0,-0.0029883442314634617,-0.035359162448244774,0.014067125320434564
1777934910.8567739,0.5625454,-13.429561,2.4243128,2.5498853,2.266103,1,L,SAFE,0.533,0.24486400462962962,0.472,0.536,2.828,0.39091842723004694,0.37177230046948356,0.39517620716510904,0.41636970497225784,0.40215704581021483,0.2568645346573209,1,1,1,0,0,-0.0029883442314634617,-0.02743324169583161,0.04743125200271606
1777934911.0345323,0.55875003,3.0487733,4.1374536,3.7627416,3.4949105,0,F,SAFE,0.542,0.21987847222222223,0.888,0.542,2.694,0.2643779342723005,0.2588517214397496,0.48763629283489096,0.17184565727699533,0.32663745731967564,0.3169635903426791,1,1,1,0,0,-0.0013945606413496155,-0.01876457905056128,0.9883548140525817
1777934911.2483072,0.5429963,23.90207,5.8880005,4.470844,4.511817,0,F,SAFE,0.469,0.11801215277777778,0.88,0.515,0.469,0.2859448356807512,0.34812695618153366,0.3779692367601246,0.18586414319248834,0.3942118144472898,0.40914591298499015,1,0,1,0,0,0.002789121282699231,-0.004882704264002058,-1.0041869943161899
1777934911.4224308,0.5232815,29.661201,1.9630318,1.8317133,2.0268362,2,R,SAFE,0.443,0.15308159722222223,0.854,0.836,0.426,0.2961903364632238,0.25980535993740217,0.3147390965732087,0.20286462779200462,0.22331792840375592,0.38514859459076745,1,0,1,0,0,0.0029883442314634617,0.015945671351218493,-0.07514179893055754
1777934911.6359956,0.52894324,28.741703,1.613212,1.6022606,1.7629609,2,R,SAFE,0.451,0.1414351851851852,0.863,0.852,0.44,0.27856025039123633,0.2664563771517997,0.35881522585669784,0.1878255263906673,0.22198452393654863,0.4082298968068536,1,0,1,0,0,0.002789121282699231,0.02537958575118182,-0.06967689510730693
1777934911.8533711,0.53809124,21.99167,1.696052,1.6626545,1.8296534,2,R,SAFE,0.479,0.1594039351851852,0.847,0.502,0.479,0.25332550860719877,0.4073014475743349,0.40646904205607476,0.17778658059467925,0.43727119344857024,0.423693513700085,1,0,1,0,0,0.0029883442314634617,0.0294148158116343,0.029327472629978493
1777934912.0495713,0.53765583,14.307471,2.067528,1.9001486,2.1100662,2,R,SAFE,0.51,0.22984664351851852,0.843,0.512,0.51,0.2749413145539906,0.36783548513302033,0.46928543613707163,0.19342776355100305,0.4080829643263622,0.4521946243981875,1,1,1,0,0,0.0,0.039317889646966364,0.09683961629867553
1777934912.255136,0.5237257,5.6925626,2.762638,2.3933325,2.6401796,0,F,SAFE,0.505,0.24037905092592593,0.863,0.505,0.535,0.2645980046948357,0.2814211658841941,0.521368769470405,0.1787500666880069,0.3543884042893726,0.47610560924667233,1,1,1,0,0,0.0029883442314634617,0.010895809234568787,1.0145129323005677
1777934912.4572928,0.49104255,3.0500174,4.0724096,3.242753,3.4086988,0,F,SAFE,0.469,0.2729890046296296,0.84,0.469,2.999,0.3035260172143975,0.3130379499217527,0.5051839953271028,0.21320100209844933,0.38766658664105846,0.3283695969626168,1,1,1,0,0,0.0033867901289919232,0.006834791904886117,1.071603500843048
1777934912.6625402,0.48708823,3.936999,6.01134,4.552183,4.5974708,0,F,SAFE,0.468,0.29246238425925924,0.473,0.468,0.914,0.3243104460093897,0.3298366588419405,0.481065031152648,0.3726767899061033,0.39893928279271584,0.3126922702492212,1,1,1,0,0,0.0035860130777561543,0.0018786778570767382,0.9846651494503021
1777934912.8709729,0.4895499,4.0850444,4.267164,3.326552,3.4676414,0,F,SAFE,0.452,0.26587094907407405,0.452,0.454,1.323,0.3166568857589984,0.30927230046948356,0.4622274143302181,0.37605424847062174,0.3905219448001138,0.30044781931464176,1,1,1,0,0,0.004183681924048847,-0.005683166796899286,0.9652545928955079
1777934913.0855193,0.45772594,4.6734514,4.445308,3.448841,3.5839963,0,F,SAFE,0.35,0.3407118055555556,0.339,0.443,0.993,0.5172633020344288,0.32210974178403756,0.4797021028037383,0.5513916008678333,0.4027551705434628,0.3118063668224299,1,0,1,0,0,0.004183681924048847,-0.007456306983833372,-0.7088110201315214
1777934913.2618117,0.4296878,5.407496,4.1354895,3.25948,3.4170065,0,F,SAFE,0.413,0.24171006944444445,0.862,0.413,0.441,0.3182218309859155,0.2294845461658842,0.4950593847352025,0.21400328104993602,0.35315485399772373,0.49639087280515437,1,1,1,0,0,0.003984458975284616,-0.0022807774465256614,1.0614193320274352
1777934913.4573767,0.39929062,6.140122,4.0274267,3.189527,3.352627,0,F,SAFE,0.384,0.0,0.87,0.384,0.406,0.0,0.0,0.0,0.003977272727272775,0.21424242424242426,0.1885227272727273,1,1,1,1,1,0.003984458975284616,-0.004505595306479648,1.0654636025428772
1777934913.660748,0.36743948,7.1634126,3.3579628,2.680973,2.8526793,0,F,SAFE,0.351,0.0,0.88,0.351,0.372,0.0,0.0,0.0,4.415659757031872e-17,0.22590909090909092,0.20204545454545458,1,1,1,1,1,0.004382904872813077,-0.0015879236853777456,0.05354262471199035
1777934913.8351622,0.33511823,7.4546986,3.149537,2.546465,2.730877,0,F,SAFE,0.319,0.0,0.916,0.319,0.338,0.0,0.0,0.0,0.0,0.23722222222222217,0.2155681818181818,1,1,1,1,1,0.0,-0.0037658559209567954,13.069832109212875
1777934921.893897,1.333906,-5.6487026,3.7688797,3.2430203,3.1395783,0,F,SAFE,0.497,0.22667824074074075,0.434,0.655,0.873,0.07262323943661972,0.37299491392801254,0.35837714174454827,0.22459146927016643,0.36088103748755157,0.23572923304304733,1,0,1,0,0,0.0003984458975284616,-0.001064950792724062,-0.6621846821752324
1777934922.0978212,1.3268272,-5.501947,3.7715263,3.2473273,3.1419559,0,F,SAFE,0.49,0.23794849537037038,0.428,0.643,0.866,0.06890649452269171,0.3790835289514867,0.37322332554517135,0.2245619487124769,0.36908106149523406,0.24816334342254323,1,0,1,0,0,0.0,0.002209495209939405,-0.6528256477287235
1777934922.300137,1.303144,-5.648549,3.8032255,3.2605252,3.1577277,0,F,SAFE,0.478,0.2369068287037037,0.417,0.628,0.863,0.06450508607198747,0.36025528169014087,0.3670171339563863,0.22607603321951916,0.36214573107838954,0.24532250070801478,1,0,1,0,0,0.002789121282699231,0.0,-0.5909722409145352
1777934922.5083044,1.2773265,-5.649359,3.731132,3.214738,3.1097755,0,F,SAFE,0.465,0.22845775462962964,0.407,0.614,0.884,0.07115610328638497,0.35563380281690143,0.361029984423676,0.23437646713615023,0.36409126476027887,0.2346694898753894,1,0,1,0,0,0.0035860130777561543,0.0,-0.5874316189191606
1777934922.693761,1.247787,-5.7959185,3.7272623,3.2091985,3.1038187,0,F,SAFE,0.444,0.22446469907407407,0.39,0.586,0.892,0.06756161971830986,0.3666128716744914,0.35341218847352024,0.23880141645326505,0.38112664941670227,0.22971792250778816,1,0,1,0,0,0.0,-0.001581042176755254,-0.600400984937894
1777934922.9106555,1.2103071,-5.6493597,3.640987,3.156927,3.0441313,0,F,SAFE,0.427,0.23935185185185184,0.375,0.56,0.869,0.060372652582159625,0.38438967136150237,0.3747322819314642,0.2400944969056765,0.40187348840517856,0.24795098325545178,1,0,1,0,0,0.004382904872813077,-0.00829146737400066,-0.6134006003837679
1777934923.0895329,1.1791365,-5.649898,3.637183,3.1444495,3.0328808,0,F,SAFE,0.405,0.24892939814814816,0.357,0.53,0.876,0.06027484350547731,0.40754597026604067,0.3802813473520249,0.24719001191492387,0.42753114329918906,0.24877378486972535,1,0,1,0,0,0.004183681924048847,0.003939687860636809,-0.6703420195670965
1777934923.3018942,1.1414607,-6.089222,3.6021771,3.1200447,3.0045311,0,F,SAFE,0.388,0.2573929398148148,0.34,0.876,0.848,0.07426154147104852,0.4187206572769953,0.38407807632398755,0.2630427292289088,0.3124714575330773,0.26237802233786467,1,0,1,0,0,0.0,0.001937725517668909,-0.4885179396441291
1777934923.5134733,1.103163,-6.089222,3.6588664,3.1581998,3.0417454,0,F,SAFE,0.366,0.27141203703703703,0.323,0.856,0.866,0.12130770735524257,0.43099569640062596,0.3940079828660436,0.3003841006899986,0.3275209400341443,0.26167337068111024,1,0,1,0,0,0.003785236026520385,-0.002608363458540097,-0.5165038736781604
1777934923.7259147,1.0679511,-6.235594,3.6720822,3.1680331,3.0479684,0,F,SAFE,0.344,0.2745225694444444,0.305,0.859,0.846,0.14414612676056338,0.4013350938967136,0.3968798676012461,0.32238816421254807,0.30718094234599524,0.27149464121353734,1,0,1,0,0,0.003785236026520385,-0.0011177426832738036,-0.5023272843538132
1777934923.9044895,1.0380166,-6.5283413,3.6049607,3.12501,3.0013711,0,F,SAFE,0.328,0.28758680555555555,0.292,0.851,0.848,0.21344385758998435,0.3998679577464789,0.4052764797507788,0.3726021437971262,0.3090555866766254,0.276156984565279,1,0,1,0,0,0.0,-0.005033663366845076,-0.5261198345555222
1777934924.120083,0.9956357,-6.966193,3.534819,3.0954905,2.959842,0,F,SAFE,0.303,0.32219328703703703,0.271,0.825,0.825,0.3122799295774648,0.3748777386541471,0.42158294392523366,0.4451978633162612,0.302003863458529,0.29590391355140194,1,0,1,0,0,0.004183681924048847,-0.001302320916336086,-0.5023851032743388
1777934924.2995653,0.9632492,-7.1125746,3.4149778,3.0389407,2.8880863,0,F,OBSTACLE,0.286,0.3384693287037037,0.258,0.838,0.843,0.40167742566510173,0.3742908841940532,0.417372468847352,0.5084766903186798,0.29702644846350834,0.28600801384168795,1,0,1,0,0,0.0,0.0,-15.53236661573986
1777934929.6039734,1.2810462,-6.6731296,3.686863,3.2334173,3.1052623,0,F,SAFE,0.529,0.2702980324074074,0.469,0.867,0.847,0.18119131455399062,0.33602308294209704,0.3772634345794392,0.281240263551003,0.2618998523972116,0.2583462324766356,1,0,1,0,0,0.0,0.0034086193434959,-0.5220813411451561
1777934929.8174367,1.2692845,-7.5482154,3.6813161,3.2298253,3.101265,0,F,SAFE,0.522,0.2822337962962963,0.46,0.863,0.848,0.21652484350547732,0.3129890453834116,0.38483255451713394,0.3077866028240148,0.2483418693982075,0.2628684331634098,1,0,1,0,0,0.002789121282699231,0.002556351254199285,-0.49292950017190185
1777934930.0357523,1.2514604,-8.2758,3.4749753,3.134904,2.9739769,0,F,SAFE,0.51,0.28043981481481484,0.451,0.875,0.848,0.2446205007824726,0.3154098200312989,0.3769227024922118,0.3296283255086072,0.24567294867691,0.2577270293472105,1,0,1,0,0,0.0031875671802276927,0.0018531546320783576,-0.472047097647112
1777934930.241718,1.2159468,-8.421203,3.3539221,3.0868628,2.9023695,0,F,SAFE,0.496,0.27837094907407406,0.436,0.866,0.843,0.2533744131455399,0.31536091549295775,0.37653329439252337,0.34128427763551006,0.24882297890880642,0.2594625504460494,1,0,1,0,0,0.0033867901289919232,0.0036528289509263345,-0.41631722412005495
1777934930.4451897,1.1856166,-8.5670185,3.3135924,3.0628192,2.8745272,0,F,SAFE,0.478,0.2826244212962963,0.419,0.877,0.862,0.2687304381846635,0.3065580985915493,0.3760465342679128,0.358027057547304,0.23921225903400203,0.2515893381832343,1,0,1,0,0,0.0033867901289919232,0.0,-0.41880959028927384
1777934930.6581848,1.1461203,-8.711523,3.3096037,3.060958,2.8721342,0,F,SAFE,0.45,0.31265914351851853,0.397,0.844,0.832,0.3012030516431925,0.31653462441314556,0.4025992990654206,0.38788425629534784,0.2573636674847063,0.28078045348343256,1,0,1,0,0,0.0,-0.004179753472186576,-0.43166603883634946
1777934930.868445,1.1046141,-9.145696,3.2567403,3.032157,2.836262,0,F,SAFE,0.425,0.3197627314814815,0.376,0.828,0.831,0.3207893192488263,0.32423708920187794,0.39997079439252337,0.40896760296628254,0.268026835253948,0.2794696527187766,1,0,1,0,0,0.004382904872813077,-0.007376316457968102,-0.4496248717005815
1777934931.0469372,1.0749524,-9.001235,3.1695225,2.9893818,2.7810242,0,F,SAFE,0.407,0.3359519675925926,0.36,0.826,0.833,0.34240512519561817,0.32352797339593115,0.4151820482866044,0.42938151319533363,0.2682729806871533,0.2885615132044747,1,0,1,0,0,0.004183681924048847,-0.0058079295924926555,-0.4777334536223981
1777934931.2288747,1.0453668,-8.711771,3.1970098,2.9989007,2.7948012,0,F,SAFE,0.389,0.35208333333333336,0.344,0.831,0.817,0.3724325117370892,0.3385172143974961,0.4220453660436137,0.45526295081092616,0.2762483105704937,0.2993863061101672,1,0,1,0,0,0.004183681924048847,-0.0027639460746158306,-0.4955825496694637
1777934931.4092107,1.0070691,-8.712281,3.2242231,3.0047626,2.80638,0,F,SAFE,0.366,0.35208333333333336,0.325,0.836,0.831,0.42216842723004694,0.3381504303599374,0.4205607476635514,0.49514811406316683,0.2742422241784038,0.2928531223449448,1,0,1,0,0,0.0,0.0031804069924241674,-0.47725113256808804
1777934931.6233957,0.97255355,-9.003139,3.2386334,3.013546,2.8150337,0,F,SAFE,0.946,0.3360532407407407,0.307,0.847,0.896,0.481587441314554,0.34602406103286387,0.4061039719626168,0.5409295641271874,0.2754711952269171,0.26396758177570095,1,1,0,0,0,0.004582127821577308,-0.009861762870514212,-0.07917070627212523
1777934931.8298433,0.9358646,-9.148793,3.2502487,3.0341942,2.827895,0,F,SAFE,0.91,0.2927517361111111,0.289,0.874,0.888,0.5538928012519562,0.3330154538341158,0.4000681464174455,0.5950871389955897,0.2574701460022763,0.2600442951713396,1,1,0,0,0,0.004582127821577308,0.010188995458030092,-0.06948634386062622
1777934932.0290723,0.89781463,-9.583102,3.2444108,3.038457,2.828093,0,F,SAFE,0.869,0.23563368055555556,0.862,0.859,0.912,0.6265160406885759,0.32279440532081377,0.39074669003115264,0.4143945173566653,0.2561294947716603,0.25398534852024923,1,1,0,0,0,0.004582127821577308,0.0005780943613449274,-0.06856357097625732
1777934932.2065783,0.8604771,-9.728879,3.5865226,3.358314,3.1121743,0,F,SAFE,0.835,0.19091435185185185,0.859,0.832,0.918,0.5260905712050078,0.32247652582159625,0.38366433021806856,0.3503111440105279,0.26546832764262346,0.24938181464174458,1,1,0,0,0,0.0,0.0024298546540979515,-0.06292970895767211
1777934932.3836265,0.8323442,-10.162517,3.5095947,3.3016672,3.053337,0,F,SAFE,0.798,0.1889033564814815,0.878,0.798,0.932,0.4232443270735524,0.3096879890453834,0.3735397196261682,0.27590426714326366,0.26917598075828714,0.24280081775700935,1,1,0,0,0,0.004382904872813077,0.0007272648459668574,-0.0952046799659729
1777934932.590177,0.7992546,-10.162921,3.4123595,3.2427378,2.986842,0,F,SAFE,0.765,0.1900028935185185,0.874,0.765,0.906,0.3437744522691706,0.30741392801251954,0.3728339174454829,0.22583975761132458,0.2793645077535923,0.24234204633956388,1,1,0,0,0,0.004183681924048847,-0.0009510804062560219,-0.07796289682388305
1777934932.7920697,0.7623728,-10.164174,3.337575,3.1819694,2.92621,0,F,SAFE,0.73,0.203515625,0.735,0.73,0.907,0.3567830594679186,0.3062891236306729,0.38746105919003115,0.2895794431996017,0.29100712227912934,0.25184968847352024,1,1,0,0,0,0.003785236026520385,-0.003412762309995543,-0.06608707666397094
1777934932.998749,0.7222119,-10.164174,3.240694,3.1004863,2.8463912,0,F,SAFE,0.692,0.21362847222222223,0.692,0.692,1.521,0.36641725352112675,0.30682707355242567,0.3920366043613707,0.3129439420614597,0.3047911331626121,0.254823792834891,1,1,0,0,0,0.003984458975284616,-0.0012750710663436138,-0.056732654571533196
1777934933.1789794,0.6900238,-10.453333,3.726399,3.404825,3.177432,0,F,SAFE,0.659,0.22300347222222222,0.659,0.659,0.953,0.372677034428795,0.3093701095461659,0.40525214174454827,0.3301377996514441,0.31811077322520986,0.2634138921339564,1,1,0,0,0,0.003984458975284616,0.004294752377179023,-0.08092635869979857
1777934933.3838656,0.65474534,-10.45379,3.1648028,3.0485747,2.7860885,0,F,SAFE,0.623,0.23576388888888888,0.623,0.624,0.856,0.36084213615023475,0.3126956181533646,0.41452492211838005,0.3367632975885617,0.3326460911936264,0.27898665392240163,1,1,0,0,0,0.003984458975284616,0.000994147169990356,-0.07099827289581298
1777934933.5586996,0.6269895,-10.743131,3.0389974,2.9570699,2.6910937,0,F,SAFE,0.593,0.2409866898148148,0.593,0.597,0.875,0.35788341158059467,0.3232345461658842,0.41462227414330216,0.34677194480011386,0.3490418489472187,0.2714931145567828,1,1,0,0,0,0.0,0.001114826424486015,-0.09372955799102783
1777934933.743111,0.5901697,-11.031132,2.9757206,2.9193597,2.6446466,0,F,SAFE,0.561,0.2331741898148148,0.561,0.563,0.878,0.3402533255086072,0.3097368935837246,0.40143107476635514,0.34803966158059474,0.352288576789017,0.2617256531435855,1,1,0,0,0,0.004382904872813077,0.0014152744771536163,-0.06775551080703734
1777934933.9475906,0.5562846,-11.747602,2.888792,2.8578281,2.5795288,0,F,SAFE,0.523,0.23524305555555555,0.523,0.532,0.87,0.3384927621283255,0.3170481220657277,0.3981941199376947,0.36200893174704796,0.36800047126191493,0.26280345068677435,1,1,1,0,0,0.003984458975284616,-0.0005817116085760077,-0.08590234279632568
1777934934.157769,0.5220169,-11.89031,2.757387,2.763535,2.4853191,1,L,SAFE,0.491,0.25014467592592593,0.491,0.499,0.955,0.35301741001564946,0.3237724960876369,0.39977609034267914,0.38417722560108125,0.3840379810428226,0.25985445872274143,1,1,1,0,0,0.0,-0.012156502759296473,0.07808154106140136
1777934934.3346899,0.5039527,-7.560599,2.7746809,2.7737985,2.4947186,0,F,SAFE,0.489,0.1972800925925926,0.49,0.489,0.967,0.33480046948356806,0.2603922143974961,0.36889116043613707,0.37273394152795564,0.34637615147958456,0.2397792542834891,1,1,1,0,0,0.000996114743821154,-0.010208132716677198,0.09617491722106934
1777934934.5438564,0.48075104,-4.776199,3.3488362,3.0118973,2.8275359,0,F,SAFE,0.472,0.20151909722222222,0.915,0.472,1.068,0.2973884976525822,0.3084164710485133,0.3532904984423676,0.19330252347417842,0.38360201931284676,0.22963882398753893,1,1,1,0,0,0.002589898333935,-0.009504157546700753,1.0417049884796143
1777934934.7485497,0.45474285,-3.892361,4.472091,3.6196322,3.538866,0,F,SAFE,0.447,0.19328703703703703,0.91,0.447,1.081,0.2753570031298905,0.292693661971831,0.3459160825545171,0.17898205203442882,0.38222057725138714,0.22484545366043612,1,1,1,0,0,0.003785236026520385,-0.002075611981680936,1.0513681292533874
1777934934.9279177,0.42889568,-3.3018641,4.643205,3.678251,3.6241386,0,F,SAFE,0.421,0.2247829861111111,0.859,0.421,1.068,0.3146273474178404,0.2901261737089202,0.3814008956386293,0.21286004854886903,0.38974362907241433,0.24791058216510903,1,1,1,0,0,0.0035860130777561543,0.003833540273447511,1.0542172610759735
1777934935.110552,0.4003617,-3.1543121,4.734992,3.724135,3.6711123,0,F,SAFE,0.391,0.22141203703703705,0.87,0.391,2.754,0.3121821205007825,0.24745696400625977,0.4007496105919003,0.2068956510527814,0.3726147033717456,0.2604872468847352,1,1,1,0,0,0.0035860130777561543,0.0024123281295143073,1.0621514678001405
1777934935.3121421,0.36735544,-3.7438815,6.108844,4.6064157,4.6538663,0,F,SAFE,0.359,0.0,0.361,0.359,1.033,0.0,0.0,0.0,0.20642045454545455,0.22308080808080807,0.0,1,1,1,1,1,0.004183681924048847,0.0,1.173109543323517
1777934935.5176246,0.3343073,-4.480367,3.7290838,2.9881666,2.9449494,0,F,SAFE,0.324,0.0,0.324,0.325,0.988,0.0,0.0,0.0,0.22113636363636363,0.2351010101010101,0.0,1,1,1,1,1,0.0,0.0058192250708373194,14.172163528203964
1777934939.776852,1.3427639,-0.49266466,4.719631,3.7749138,3.7152662,0,F,SAFE,0.476,0.21553819444444444,0.455,0.613,0.864,0.22843309859154928,0.30298806729264477,0.37497566199376947,0.317515604993598,0.3302250720230474,0.2500978166595866,1,0,1,0,0,0.000996114743821154,0.0025559649836282006,-0.627386310031071
1777934939.9545047,1.3351009,-1.3789072,4.704104,3.7631075,3.7035165,0,F,SAFE,0.471,0.21840277777777778,0.443,0.61,0.869,0.17637421752738655,0.3046997261345853,0.3662139797507788,0.28845005957461944,0.3323982563309148,0.24241408683800628,1,0,1,0,0,0.0023906753851707695,0.0,-0.6043821875414095
1777934940.1409917,1.3201987,-1.3788109,4.62239,3.7305276,3.6420007,0,F,SAFE,0.46,0.22608506944444445,0.422,0.595,0.847,0.11954714397496087,0.32714690923317685,0.3769713785046729,0.2598647344928155,0.3522919556480296,0.2581563960280374,1,0,1,0,0,0.002589898333935,0.0009805678670509188,-0.6115633149335757
1777934940.3217516,1.2956437,-1.5266764,4.5546694,3.678629,3.5929327,0,F,SAFE,0.449,0.22002314814814813,0.4,0.58,0.874,0.06773278560250391,0.31792840375586856,0.3528767523364486,0.23493540155071846,0.35160295739080955,0.23175625265505528,1,0,1,0,0,0.0,-0.004390902332108482,-0.5702893067108469
1777934940.5143144,1.2634958,-1.2313285,4.4998913,3.6330147,3.551703,0,F,SAFE,0.43,0.22314814814814815,0.378,0.558,0.86,0.060152582159624414,0.32585093896713613,0.36378017912772587,0.2387582693128468,0.36453038305591123,0.2444116618875673,1,0,1,0,0,0.003785236026520385,-0.0007459061254166954,-0.572192700071844
1777934940.7306917,1.2364457,-1.0837272,4.4808064,3.6096094,3.532517,0,F,SAFE,0.411,0.22546296296296298,0.363,0.532,0.879,0.05846537558685446,0.34485035211267606,0.36618964174454827,0.2436274941314554,0.38607192079243136,0.2384209944066837,1,0,1,0,0,0.003984458975284616,0.0,-0.6230112989509013
1777934940.9376917,1.1945848,-0.6406365,4.473426,3.596551,3.5243442,0,F,SAFE,0.387,0.2222800925925926,0.343,0.499,0.877,0.052401212832550864,0.3281005477308294,0.37426985981308414,0.24764033379570355,0.3868512146108977,0.24446859069668656,1,0,1,0,0,0.003785236026520385,-0.0017675055250210292,-0.5803961828608146
1777934941.14367,1.1575925,-0.34511977,4.4611683,3.558894,3.514207,0,F,SAFE,0.365,0.22799479166666667,0.324,0.469,0.857,0.03367077464788732,0.35793231611893583,0.38901869158878505,0.2430223671574904,0.4168479246692275,0.26200987680543764,1,0,1,0,0,0.003785236026520385,0.004514414736743078,-0.6424289057121982
1777934941.3208067,1.1291841,-0.0496292,4.4115057,3.510087,3.4801562,0,F,SAFE,0.345,0.22404513888888888,0.308,0.443,0.867,0.0377787558685446,0.3656347809076682,0.38269080996884736,0.252056191314554,0.43104644597382274,0.2539194810252054,1,0,1,0,0,0.0,0.006611151817921268,-0.6855376973343257
1777934941.5359643,1.08774,0.39358506,4.3855705,3.4761293,3.4649777,0,F,SAFE,0.325,0.22566550925925927,0.291,0.415,0.862,0.050249413145539906,0.3758069248826291,0.3869986370716511,0.2669234821809646,0.44755732945653726,0.25870820500566416,1,0,1,0,0,0.003984458975284616,0.001117666491900593,-0.6796708854131778
1777934941.7397325,1.0443379,0.98446184,4.344057,3.4403305,3.4356027,0,F,OBSTACLE,0.297,0.2429542824074074,0.269,0.379,0.826,0.06875978090766822,0.4152484350547731,0.4110202492211838,0.287705221226348,0.48592158379570355,0.2886404347210423,1,0,1,0,0,0.003984458975284616,0.0,-15.740694735509285
